Search,Cost,Clicks,Impressions,Conversions
videographer,$16.32,2,38,0.00
videographer kansas city,$0.00,0,19,0.00
video production kansas city,$5.82,1,18,0.00
kansas city videographer,$0.00,0,17,0.00
video mania kansas city,$0.00,0,17,0.00
graphic design,$0.00,0,15,0.00
kansas city video production,$0.00,0,15,0.00
outpost worldwide,$1.26,3,13,0.00
video production,$9.52,1,13,0.00
epic productions,$3.20,1,12,0.00
recording studio,$0.00,0,12,0.00
recording studios near me,$0.00,0,11,0.00
music video production near me,$13.33,2,10,0.00
video production springfield mo,$3.69,1,10,0.00
production company,$0.00,0,9,0.00
something different media group,$32.80,2,9,0.00
videographer near me,$25.15,2,9,0.00
graphic design near me,$0.00,0,8,0.00
production companies kansas city,$6.06,1,8,0.00
kansas city video production companies,$0.00,0,7,0.00
after effects,$0.00,0,6,0.00
kansas city production companies,$0.00,0,6,0.00
video editor,$0.00,0,6,0.00
video production companies,$7.58,1,6,0.00
video production companies kansas city,$15.28,1,6,0.00
crowdfunding video production,$7.40,1,5,0.00
drone video production company,$0.00,0,5,0.00
east coast productions,$0.00,0,5,0.00
event videographer near me,$0.00,0,5,0.00
lemonlight,$0.00,0,5,0.00
music video production kansas city,$0.00,0,5,0.00
production video companies,$0.00,0,5,0.00
streaming media,$0.00,0,5,0.00
blue moon productions,$0.00,0,4,0.00
boudoir videographer,$0.00,0,4,0.00
home video studio,$0.00,0,4,0.00
kansas city film production companies,$0.00,0,4,0.00
live stream,$0.00,0,4,0.00
live streaming,$0.00,0,4,0.00
motion array,$4.92,1,4,0.00
motion graphics,$0.00,0,4,0.00
multimedia company,$0.00,0,4,0.00
real media kc,$9.91,1,4,0.00
richfield video production,$0.00,0,4,0.00
video companies near me,$0.00,0,4,0.00
video makers,$11.78,1,4,0.00
video production company,$3.70,1,4,0.00
videographers kansas city,$5.65,1,4,0.00
videographers near me,$0.00,0,4,0.00
bic media kansas city,$17.48,1,3,0.00
big media productions,$0.00,0,3,0.00
black and white film processing labs near me,$0.00,0,3,0.00
camera crew for hire,$0.00,0,3,0.00
creative video,$0.00,0,3,0.00
east coast production,$0.00,0,3,0.00
epic productions kansas city,$6.73,1,3,0.00
film production companies,$0.00,0,3,0.00
film transfer near me,$0.00,0,3,0.00
kansas city video,$0.00,0,3,0.00
moose productions,$0.00,0,3,0.00
production agency,$0.00,0,3,0.00
production companies,$0.00,0,3,0.00
production company rentals,$4.68,1,3,0.00
rainy day productions,$6.62,1,3,0.00
vhs to digital service near me,$0.00,0,3,0.00
video near me,$0.00,0,3,0.00
video promo,$0.00,0,3,0.00
video services near me,$7.70,1,3,0.00
video transfer services near me,$21.06,1,3,0.00
videocamera rental,$0.00,0,3,0.00
videographers in kansas city,$0.00,0,3,0.00
videography as a hobby,$0.00,0,3,0.00
a to z video kansas city,$0.00,0,2,0.00
associated video producers inc,$0.00,0,2,0.00
audio visual rental near me,$0.00,0,2,0.00
b2b video production,$0.00,0,2,0.00
bc productions,$0.00,0,2,0.00
brodsky productions,$0.00,0,2,0.00
cairn productions,$0.00,0,2,0.00
christian movie studios,$2.10,1,2,0.00
christian video production,$0.00,0,2,0.00
dallas video production,$0.00,0,2,0.00
digital content production companies,$0.00,0,2,0.00
drone videos,$0.00,0,2,0.00
epic photography kansas city,$0.00,0,2,0.00
film agents near me,$0.00,0,2,0.00
film studios in kansas city,$0.00,0,2,0.00
filmmaking,$0.00,0,2,0.00
gateway studios and production services,$0.00,0,2,0.00
gleason video productions,$0.00,0,2,0.00
hire videographer near me,$0.00,0,2,0.00
how much to shoot a commercial,$0.00,0,2,0.00
how to hire video editor,$0.00,0,2,0.00
index video production,$0.00,0,2,0.00
kansas city film ad company,$0.00,0,2,0.00
kansas city film office,$4.20,1,2,0.00
kansas city videography,$0.00,0,2,0.00
live streamer,$0.00,0,2,0.00
live streaming services,$0.00,0,2,0.00
live streaming tv now,$0.00,0,2,0.00
livestream broadcaster pro,$0.00,0,2,0.00
low budget music video cost,$0.00,0,2,0.00
make a commercial,$0.00,0,2,0.00
making videos,$0.00,0,2,0.00
michigan motion picture studios,$0.00,0,2,0.00
missouri film office,$0.00,0,2,0.00
music video production,$0.00,0,2,0.00
music video production companies,$0.00,0,2,0.00
phosphor studio,$0.00,0,2,0.00
photo and video services,$0.00,0,2,0.00
principles of videography,$0.00,0,2,0.00
production companies in kansas city,$0.00,0,2,0.00
production companies new york,$0.00,0,2,0.00
production hub,$0.00,0,2,0.00
rushing productions,$0.00,0,2,0.00
skc communications kansas city,$0.00,0,2,0.00
sro video kansas city,$0.00,0,2,0.00
st louis music video production,$0.00,0,2,0.00
switcher studio,$0.00,0,2,0.00
take 17 video productions,$0.00,0,2,0.00
victory studios,$5.53,1,2,0.00
video,$0.00,0,2,0.00
video creations,$0.00,0,2,0.00
video crews,$0.00,0,2,0.00
video editing kansas city,$0.00,0,2,0.00
video editing services,$28.52,1,2,0.00
video editor near me,$0.00,0,2,0.00
video editors near me,$12.34,2,2,0.00
video job near me,$0.00,0,2,0.00
video production companies near me,$0.00,0,2,0.00
video production near me,$0.00,0,2,0.00
video production service,$0.00,0,2,0.00
video production website,$0.00,0,2,0.00
video studio production,$0.00,0,2,0.00
video tape transfer service near me,$0.00,0,2,0.00
video transfer service near me,$0.00,0,2,0.00
videographer in kansas city,$8.24,1,2,0.00
videographer pricing sheet,$0.00,0,2,0.00
videography companies,$0.00,0,2,0.00
videography wichita ks,$0.00,0,2,0.00
wedding video kansas city,$0.00,0,2,0.00
west coast productions,$0.00,0,2,0.00
30 second promotional video cost,$0.00,0,1,0.00
3d motion graphic design,$0.00,0,1,0.00
506 productions,$0.00,0,1,0.00
5150 productions,$0.00,0,1,0.00
8mm film to digital conversion service near me,$0.00,0,1,0.00
a and a video productions,$0.00,0,1,0.00
a creative video agency,$0.00,0,1,0.00
ace work productions,$0.00,0,1,0.00
action video productions,$0.00,0,1,0.00
adobe motion,$0.00,0,1,0.00
after effect,$0.00,0,1,0.00
akron video makers,$0.00,0,1,0.00
amply media kansas city,$0.00,0,1,0.00
animated logos,$0.00,0,1,0.00
any productions,$0.00,0,1,0.00
audio visual companies,$0.00,0,1,0.00
audio visual companies near me,$0.00,0,1,0.00
av rental company,$0.00,0,1,0.00
avalon video productions,$0.00,0,1,0.00
best live production camera,$0.00,0,1,0.00
best video transfer service near me,$0.00,0,1,0.00
beverly boy productions,$0.00,0,1,0.00
black fox productions,$0.00,0,1,0.00
blue magic production,$0.00,0,1,0.00
blue moon video productions,$0.00,0,1,0.00
bright road productions,$0.00,0,1,0.00
broadcast graphics package,$0.00,0,1,0.00
building a video studio,$0.00,0,1,0.00
bx films,$0.00,0,1,0.00
candlelight productions,$0.00,0,1,0.00
cat productions,$0.00,0,1,0.00
channel live streaming,$0.00,0,1,0.00
cheap videographer near me,$0.00,0,1,0.00
chicago video production,$0.00,0,1,0.00
cinematography,$0.00,0,1,0.00
cloud nine productions,$0.00,0,1,0.00
commercial making,$0.00,0,1,0.00
commercial production,$0.00,0,1,0.00
commercial production companies los angeles,$0.00,0,1,0.00
commercial production companies new york,$0.00,0,1,0.00
commercial real estate video pricing,$0.00,0,1,0.00
conference video production,$0.00,0,1,0.00
contract video editor,$8.66,1,1,0.00
contract videographer,$0.00,0,1,0.00
corporate profile videos,$0.00,0,1,0.00
creating motion graphics,$0.00,0,1,0.00
creative film,$0.00,0,1,0.00
creative product videos,$0.00,0,1,0.00
dallas photographer and videographer,$0.00,0,1,0.00
demo reel videographer,$0.00,0,1,0.00
denver video production,$0.00,0,1,0.00
des moines video production,$0.00,0,1,0.00
detroit production companies,$0.00,0,1,0.00
dreamroom productions,$6.80,1,1,0.00
drone photography kansas city,$0.00,0,1,0.00
drone production company,$0.00,0,1,0.00
drone real estate photography kansas city,$0.00,0,1,0.00
drone video pricing,$0.00,0,1,0.00
education video production,$0.00,0,1,0.00
elearning video production,$0.00,0,1,0.00
element 7 productions,$0.00,0,1,0.00
event live streaming,$0.00,0,1,0.00
event live streaming services,$0.00,0,1,0.00
event video services,$0.00,0,1,0.00
event videographer,$0.00,0,1,0.00
explainer video companies,$0.00,0,1,0.00
explainer video costs,$0.00,0,1,0.00
explainer videos,$0.00,0,1,0.00
film collective,$0.00,0,1,0.00
film companies,$0.00,0,1,0.00
film equipment near me,$0.00,0,1,0.00
film factory,$0.00,0,1,0.00
film internships kansas city,$0.00,0,1,0.00
film production companies in kansas city,$8.30,1,1,0.00
film production companies orlando fl,$0.00,0,1,0.00
film production hollywood,$0.00,0,1,0.00
film studio,$0.00,0,1,0.00
film transfer to digital near me,$0.00,0,1,0.00
filmmaker website,$0.00,0,1,0.00
filmmaking vs videography,$0.00,0,1,0.00
filmographer,$0.00,0,1,0.00
flim making,$0.00,0,1,0.00
footage,$0.00,0,1,0.00
freelance video editor,$0.00,0,1,0.00
freelance videography rates,$0.00,0,1,0.00
full moon productions kansas city,$0.00,0,1,0.00
funeral videographer,$0.00,0,1,0.00
gemini video productions,$0.00,0,1,0.00
gka productions,$0.00,0,1,0.00
google motion designer,$0.00,0,1,0.00
graphic and motion design,$0.00,0,1,0.00
graphic designer kansas city,$0.00,0,1,0.00
graphic designer portfolio,$0.00,0,1,0.00
graphics design,$0.00,0,1,0.00
graphics for youtube videos,$0.00,0,1,0.00
graphics kansas city,$0.00,0,1,0.00
grapic designs,$0.00,0,1,0.00
greg scholl video productions,$0.00,0,1,0.00
hire film crew,$0.00,0,1,0.00
hire video spokesperson,$0.00,0,1,0.00
hire videographer,$0.00,0,1,0.00
hollywood video kansas city mo,$0.00,0,1,0.00
how much does it cost to shoot a music video,$0.00,0,1,0.00
how much does post production cost,$0.00,0,1,0.00
how to become a video editor,$0.00,0,1,0.00
how to get video editing job,$0.00,0,1,0.00
how to hire a film crew,$0.00,0,1,0.00
how to live stream,$0.00,0,1,0.00
how to make motion graphics,$0.00,0,1,0.00
how to set up youtube channel for live streaming,$0.00,0,1,0.00
how to start a career in videography,$0.00,0,1,0.00
hpg production,$0.00,0,1,0.00
idream productions,$0.00,0,1,0.00
in the dark productions,$0.00,0,1,0.00
indie film companies,$0.00,0,1,0.00
jpl video productions,$0.00,0,1,0.00
kansas city animation studios,$0.00,0,1,0.00
kansas city production,$0.00,0,1,0.00
kansas city video production company,$0.00,0,1,0.00
kansas city videos,$0.00,0,1,0.00
kansas city wedding videographers,$0.00,0,1,0.00
kansas city wedding videography,$0.00,0,1,0.00
kc film office,$0.00,0,1,0.00
kc production,$0.00,0,1,0.00
kc productions,$0.00,0,1,0.00
kc videographer,$0.00,0,1,0.00
kckcc multimedia,$0.00,0,1,0.00
kcvideo,$0.00,0,1,0.00
kickstarter video production,$0.00,0,1,0.00
kp productions,$0.00,0,1,0.00
kr productions,$0.00,0,1,0.00
legal videographer near me,$0.00,0,1,0.00
lemonlight us,$0.00,0,1,0.00
leo graphic design,$0.00,0,1,0.00
lf productions,$0.00,0,1,0.00
live broadcast,$0.00,0,1,0.00
live event video production,$0.00,0,1,0.00
live feed,$2.12,1,1,0.00
live stream your event,$0.00,0,1,0.00
live streamed events,$0.00,0,1,0.00
live video,$0.00,0,1,0.00
lnc productions,$0.00,0,1,0.00
logo motion,$0.00,0,1,0.00
logomotion,$0.00,0,1,0.00
looking for video editor,$0.00,0,1,0.00
maverick production,$0.00,0,1,0.00
media graphics,$0.00,0,1,0.00
media studio,$0.00,0,1,0.00
medical video production,$0.00,0,1,0.00
mograph,$0.00,0,1,0.00
moontage films,$10.48,1,1,0.00
mork productions,$0.00,0,1,0.00
motion companies,$0.00,0,1,0.00
motion design school,$0.00,0,1,0.00
motion designer,$0.00,0,1,0.00
motion designer job,$0.00,0,1,0.00
motion designer portfolio,$0.00,0,1,0.00
motion designer salary,$0.00,0,1,0.00
